Tamanho,Tempo
0,0
10,2.5625e-07
100,1.10625e-06
1000,1.02e-05
5000,6.92063e-05
7500,0.000129356
10000,0.000181312
15000,0.000215425
25000,0.000245631
37500,0.000416125
50000,0.00051935
