Tamanho,Tempo
0,0
10,5.625e-07
100,2.28125e-06
1000,1.69687e-05
5000,8.97e-05
7500,9.91187e-05
10000,0.0001157
15000,0.000157719
25000,0.000311325
37500,0.000381425
50000,0.0005112
